{
  "accuracy": 0.570865171308849,
  "precision": 0.5599755201958384,
  "recall": 0.4723799690242643,
  "f1": 0.5124614953794455,
  "log_loss": 0.7166827604023212
}